Id,Activeness
1624580081,Moderate
1644430081,Moderate
2022484408,High
2347167796,High
3977333714,High
4319703577,Moderate
4388161847,High
4702921684,Moderate
5577150313,Moderate
6775888955,Low
6962181067,High
7007744171,High
7086361926,High
8253242879,Moderate
8583815059,Moderate
8792009665,Low
1844505072,Low
1927972279,Low
2026352035,Moderate
2320127002,Low
2873212765,Moderate
3372868164,Moderate
4020332650,Low
4057192912,Low
4445114986,Low
4558609924,Moderate
5553957443,Moderate
6117666160,Moderate
6290855005,Moderate
8053475328,Very High
8378563200,High
8877689391,Very High
1503960366,High
